Model,RMSE
Ridge Regression,0.07353086260249343
XGBoost (+FE),0.05677110047278266
MLP (PyTorch),0.05674679426083989
FINAL ENSEMBLE,0.05632722836139045
Random Forest,0.05629543720538694
